label,finger,target_angle,speed,rise_time,settling_time,overshoot_pct,rms_error,rms_error_steady,steady_state_error,reference_used,settling_rule,eps,final_est
"code-1 (a=500, s=1000)",3,500,1000,0.18132251364256569,0.2799240419990383,0.0,88.40898498918223,0.0,5.0,final,to_end,9.76,505.0
"code-2 (a=500, s=750)",3,500,750,0.21609290452484164,0.34324350001406856,0.0,99.1366410566749,0.0,-2.0,final,to_end,9.9,498.0
"code-3 (a=500, s=500)",3,500,500,0.27806586110461073,0.4010850000195205,0.39021384745719695,104.04824294035127,0.384616617157504,-0.07594936708858313,final,to_end,9.861518987341771,499.9240506329114
"code-4 (a=500, s=250)",3,500,250,0.5584913434146439,0.7562720829737373,0.0,135.32945536236056,0.0,0.0,final,to_end,9.86,500.0
"code-5 (a=500, s=100)",3,500,100,1.4218018212656567,1.825602583005093,0.1895928877046453,201.32383465451872,0.998756411448707,-1.063291139240505,final,to_end,9.88126582278481,498.9367088607595
