label,finger,target_angle,speed,rise_time,settling_time,overshoot_pct,rms_error,rms_error_steady,steady_state_error,reference_used,settling_rule,eps,final_est
"code-1 (a=500, s=1000)",3,500,1000,0.18088323541127382,0.28458908299217,0.0,88.73793038974411,0.0,1.0,final,to_end,9.92,501.0
"code-2 (a=500, s=500)",3,500,500,0.27349200400187534,0.3987843749928288,0.4056795131845842,102.85178099334588,0.0,0.0,final,to_end,9.86,500.0
"code-3 (a=500, s=100)",3,500,100,1.4216216707046085,1.8355048329976853,0.02046192802516541,201.81541269189526,0.44114679588977035,-1.8987341772152035,final,to_end,9.897974683544303,498.1012658227848
